Mes,Categoria,Region,Ventas,Ventas_Diarias
Ene,Electrónica,Norte,1773.9446918588983,59.131489728629944
Ene,Electrónica,Sur,1153.8230767629714,38.46076922543238
Ene,Electrónica,Este,1384.19950995309,46.139983665103
Ene,Electrónica,Oeste,1198.3951050664346,39.94650350221448
Ene,Ropa,Norte,1523.4720735431597,50.78240245143866
Ene,Ropa,Sur,1054.7132086494885,35.15710695498295
Ene,Ropa,Este,1389.505537860887,46.316851262029566
Ene,Ropa,Oeste,1033.6737339986794,34.45579113328931
Ene,Hogar,Norte,1115.0714968456105,37.16904989485368
Ene,Hogar,Sur,853.9473635304631,28.464912117682104
Ene,Hogar,Este,858.2924076468784,28.60974692156261
Ene,Hogar,Oeste,686.4674577429415,22.882248591431384
Ene,Deportes,Norte,932.0185667125091,31.06728555708364
Ene,Deportes,Sur,509.4633445865587,16.982111486218624
Ene,Deportes,Este,579.2557517240876,19.308525057469588
Ene,Deportes,Oeste,528.5118983625056,17.617063278750187
Feb,Electrónica,Norte,1898.539425829353,63.2846475276451
Feb,Electrónica,Sur,1508.4586723920588,50.28195574640196
Feb,Electrónica,Este,1477.4460877278032,49.248202924260106
Feb,Electrónica,Oeste,1116.400518826412,37.213350627547065
Feb,Ropa,Norte,2235.801509939703,74.5267169979901
Feb,Ropa,Sur,1319.5201994343176,43.98400664781059
Feb,Ropa,Este,1510.1292307031886,50.337641023439616
Feb,Ropa,Oeste,1029.030217654385,34.30100725514617
Feb,Hogar,Norte,1382.884026538192,46.096134217939735
Feb,Hogar,Sur,1023.7309122081239,34.124363740270795
Feb,Hogar,Este,995.5132225399908,33.18377408466636
Feb,Hogar,Oeste,933.8128216511104,31.127094055037013
Feb,Deportes,Norte,1069.1773490217358,35.63924496739119
Feb,Deportes,Sur,764.5291172037795,25.48430390679265
Feb,Deportes,Este,822.3506714299277,27.411689047664257
Feb,Deportes,Oeste,829.6594729156257,27.655315763854187
Mar,Electrónica,Norte,2418.5227198290827,80.61742399430275
Mar,Electrónica,Sur,1499.286417267386,49.97621390891287
Mar,Electrónica,Este,2016.1497623595749,67.2049920786525
Mar,Electrónica,Oeste,1308.3868263948832,43.612894213162775
Mar,Ropa,Norte,2282.1912677501937,76.07304225833978
Mar,Ropa,Sur,1244.3646427074477,41.47882142358159
Mar,Ropa,Este,1491.2183448449641,49.707278161498806
Mar,Ropa,Oeste,1402.7742403615534,46.75914134538512
Mar,Hogar,Norte,1800.4380039334876,60.014600131116254
Mar,Hogar,Sur,1180.6316953480775,39.354389844935916
Mar,Hogar,Este,1274.7961405177045,42.49320468392349
Mar,Hogar,Oeste,1000.7021950960361,33.35673983653454
Mar,Deportes,Norte,1111.236146629582,37.04120488765273
Mar,Deportes,Sur,837.8106108692685,27.92702036230895
Mar,Deportes,Este,956.9018066406958,31.896726888023192
Mar,Deportes,Oeste,887.319809406603,29.5773269802201
Abr,Electrónica,Norte,2622.107236405605,87.40357454685349
Abr,Electrónica,Sur,1445.5864527338401,48.186215091128005
Abr,Electrónica,Este,2013.196374031985,67.10654580106616
Abr,Electrónica,Oeste,1499.9271642550545,49.99757214183515
Abr,Ropa,Norte,2181.6002519284057,72.72000839761353
Abr,Ropa,Sur,1719.0915587922207,57.30305195974069
Abr,Ropa,Este,1985.579914049271,66.18599713497571
Abr,Ropa,Oeste,1574.1043371527326,52.47014457175775
Abr,Hogar,Norte,1607.717324674427,53.59057748914756
Abr,Hogar,Sur,1177.4306963340775,39.247689877802586
Abr,Hogar,Este,1394.720563239481,46.49068544131603
Abr,Hogar,Oeste,1185.3588737292148,39.51196245764049
Abr,Deportes,Norte,1299.592716534118,43.31975721780393
Abr,Deportes,Sur,927.4552267052693,30.915174223508977
Abr,Deportes,Este,933.834827729367,31.1278275909789
Abr,Deportes,Oeste,739.5186435772237,24.65062145257412
May,Electrónica,Norte,2618.568276471817,87.28560921572723
May,Electrónica,Sur,1904.0154361814257,63.46718120604752
May,Electrónica,Este,1849.5016280042605,61.65005426680868
May,Electrónica,Oeste,1639.8930504702898,54.663101682343
May,Ropa,Norte,2316.343541659254,77.21145138864179
May,Ropa,Sur,1447.8115193637975,48.26038397879325
May,Ropa,Este,1781.7613814428537,59.392046048095125
May,Ropa,Oeste,1587.2786836456921,52.909289454856406
May,Hogar,Norte,1670.61817842884,55.68727261429467
May,Hogar,Sur,1342.3547813827383,44.745159379424614
May,Hogar,Este,951.8399108137472,31.727997027124907
May,Hogar,Oeste,1116.5705098134422,37.21901699378141
May,Deportes,Norte,1315.3928581766672,43.84642860588891
May,Deportes,Sur,875.8036783279643,29.193455944265477
May,Deportes,Este,1012.3134964063144,33.743783213543814
May,Deportes,Oeste,642.9872690311271,21.432908967704236
Jun,Electrónica,Norte,2066.0943136943256,68.86981045647752
Jun,Electrónica,Sur,1514.727713583593,50.490923786119765
Jun,Electrónica,Este,1865.1577822704965,62.17192607568322
Jun,Electrónica,Oeste,1232.6248716244259,41.087495720814196
Jun,Ropa,Norte,1792.3437474358284,59.74479158119428
Jun,Ropa,Sur,1282.2627991160875,42.74209330386959
Jun,Ropa,Este,1637.3103176553109,54.57701058851036
Jun,Ropa,Oeste,1239.450133159162,41.31500443863874
Jun,Hogar,Norte,1385.0225701990705,46.16741900663568
Jun,Hogar,Sur,1064.4683276027272,35.482277586757576
Jun,Hogar,Este,1135.9212243016545,37.86404081005515
Jun,Hogar,Oeste,987.1780491479601,32.90593497159867
Jun,Deportes,Norte,1057.641460571451,35.2547153523817
Jun,Deportes,Sur,761.6966059554258,25.38988686518086
Jun,Deportes,Este,840.6905366009362,28.023017886697872
Jun,Deportes,Oeste,597.5539536307517,19.918465121025058
Jul,Electrónica,Norte,1740.0443268239137,58.00147756079712
Jul,Electrónica,Sur,1200.5434668450473,40.018115561501574
Jul,Electrónica,Este,1300.66474936352,43.35549164545067
Jul,Electrónica,Oeste,1015.6029381289849,33.85343127096616
Jul,Ropa,Norte,1339.2021642401353,44.640072141337846
Jul,Ropa,Sur,1034.5703051413411,34.485676838044704
Jul,Ropa,Este,1158.8742580167877,38.629141933892924
Jul,Ropa,Oeste,882.9813821547247,29.43271273849082
Jul,Hogar,Norte,1151.1295717350772,38.370985724502574
Jul,Hogar,Sur,842.7281194019777,28.090937313399255
Jul,Hogar,Este,1069.7567311089479,35.658557703631594
Jul,Hogar,Oeste,732.5696025238926,24.41898675079642
Jul,Deportes,Norte,933.4370855557717,31.114569518525723
Jul,Deportes,Sur,625.3099073067315,20.84366357689105
Jul,Deportes,Este,565.686014929067,18.856200497635566
Jul,Deportes,Oeste,558.5152229748438,18.61717409916146
Ago,Electrónica,Norte,1275.1341791100251,42.50447263700084
Ago,Electrónica,Sur,1093.649495370584,36.454983179019465
Ago,Electrónica,Este,956.2448059338406,31.87482686446135
Ago,Electrónica,Oeste,803.5206927020217,26.78402309006739
Ago,Ropa,Norte,1165.9387229444865,38.86462409814955
Ago,Ropa,Sur,715.3370789528178,23.84456929842726
Ago,Ropa,Este,1002.854053306352,33.428468443545064
Ago,Ropa,Oeste,774.1391783534477,25.804639278448256
Ago,Hogar,Norte,946.9130533530273,31.56376844510091
Ago,Hogar,Sur,552.2547121212197,18.408490404040656
Ago,Hogar,Este,769.6886159881867,25.656287199606222
Ago,Hogar,Oeste,464.30004260921686,15.476668086973895
Ago,Deportes,Norte,722.5529966518685,24.085099888395618
Ago,Deportes,Sur,575.9990283195215,19.199967610650717
Ago,Deportes,Este,472.9968429306388,15.766561431021294
Ago,Deportes,Oeste,396.2154953566836,13.20718317855612
Sep,Electrónica,Norte,967.7572126453507,32.258573754845024
Sep,Electrónica,Sur,629.9758155936279,20.99919385312093
Sep,Electrónica,Este,622.7866465630005,20.759554885433353
Sep,Electrónica,Oeste,593.7097209589842,19.79032403196614
Sep,Ropa,Norte,790.5394019113317,26.35131339704439
Sep,Ropa,Sur,641.3465383626182,21.378217945420605
Sep,Ropa,Este,617.8285342433721,20.59428447477907
Sep,Ropa,Oeste,628.6719457558073,20.955731525193578
Sep,Hogar,Norte,611.4160626352813,20.38053542117604
Sep,Hogar,Sur,444.4687235665684,14.815624118885614
Sep,Hogar,Este,551.8014219106558,18.393380730355194
Sep,Hogar,Oeste,357.9831754535261,11.932772515117536
Sep,Deportes,Norte,527.6944286092365,17.58981428697455
Sep,Deportes,Sur,403.8933981328826,13.463113271096088
Sep,Deportes,Este,333.0915283612267,11.103050945374225
Sep,Deportes,Oeste,323.37524988531015,10.779174996177005
Oct,Electrónica,Norte,866.9600961139918,28.898669870466392
Oct,Electrónica,Sur,630.7366379989727,21.024554599965757
Oct,Electrónica,Este,569.5982037929247,18.98660679309749
Oct,Electrónica,Oeste,451.33625611961764,15.044541870653921
Oct,Ropa,Norte,820.7114421181179,27.35704807060393
Oct,Ropa,Sur,556.0371723545921,18.534572411819738
Oct,Ropa,Este,615.0295710207525,20.50098570069175
Oct,Ropa,Oeste,496.6295140558549,16.554317135195163
Oct,Hogar,Norte,545.2185537876583,18.173951792921944
Oct,Hogar,Sur,414.4062747350207,13.813542491167357
Oct,Hogar,Este,463.18826129844064,15.439608709948022
Oct,Hogar,Oeste,334.28334895105075,11.14277829836836
Oct,Deportes,Norte,539.8927402570865,17.996424675236216
Oct,Deportes,Sur,329.9257370087213,10.997524566957376
Oct,Deportes,Este,308.30437759790726,10.27681258659691
Oct,Deportes,Oeste,298.38350104174725,9.946116701391576
Nov,Electrónica,Norte,864.8137043869142,28.827123479563806
Nov,Electrónica,Sur,715.5883746105088,23.852945820350293
Nov,Electrónica,Este,822.4816545424485,27.416055151414948
Nov,Electrónica,Oeste,541.2738792022371,18.04246264007457
Nov,Ropa,Norte,969.710821506894,32.323694050229804
Nov,Ropa,Sur,637.6227685436113,21.254092284787042
Nov,Ropa,Este,736.316478009016,24.543882600300535
Nov,Ropa,Oeste,647.5517289007264,21.585057630024213
Nov,Hogar,Norte,647.0967012351169,21.569890041170563
Nov,Hogar,Sur,424.64364613077316,14.154788204359106
Nov,Hogar,Este,464.89766381968934,15.496588793989645
Nov,Hogar,Oeste,374.9269616522435,12.497565388408116
Nov,Deportes,Norte,511.9803134971627,17.066010449905423
Nov,Deportes,Sur,369.38801450396346,12.312933816798783
Nov,Deportes,Este,407.87272048608514,13.595757349536171
Nov,Deportes,Oeste,343.7770210833704,11.459234036112347
Dic,Electrónica,Norte,1269.1479897955244,42.304932993184146
Dic,Electrónica,Sur,1005.0476152705543,33.501587175685145
Dic,Electrónica,Este,949.1959587592991,31.639865291976637
Dic,Electrónica,Oeste,992.1731949939901,33.072439833133004
Dic,Ropa,Norte,1243.2030796885053,41.440102656283514
Dic,Ropa,Sur,740.5702379302808,24.685674597676027
Dic,Ropa,Este,803.6196751744995,26.78732250581665
Dic,Ropa,Oeste,754.7380138975091,25.157933796583634
Dic,Hogar,Norte,857.8911405876563,28.596371352921878
Dic,Hogar,Sur,650.8755300160944,21.695851000536482
Dic,Hogar,Este,706.9435396587141,23.56478465529047
Dic,Hogar,Oeste,536.0672387165288,17.868907957217626
Dic,Deportes,Norte,624.7063287418312,20.823544291394374
Dic,Deportes,Sur,400.92346863359273,13.364115621119758
Dic,Deportes,Este,501.5579650164812,16.718598833882705
Dic,Deportes,Oeste,455.96874936158565,15.198958312052856
